SponsorTag,Name,URL
LC/CM,Littleton Chevrolet,https://www.littletonchevrolet.com/
LC/CM,Crosstown Motors,https://www.crosstownmotors.net/
NWMC,Northwestern Medical Center,https://www.northwesternmedicalcenter.org/
Miosek,Miosek Law,https://www.mioseklaw.com/
Hartford Auto,Hartford Auto,https://hartfordautovt.com/repair-services/
Rockwood,The Rockwood Agency,https://www.therockwoodagency.com/
Larkin,Larkin Realty,https://www.larkinrealty.net/
Lovell,Lovell Farm,https://lovellfarmsvt.com/
D Newton,Dennis Newton,https://newtonerac.com/
